{
  "groups": [
    {
      "model": "auth.group",
      "pk": 1,
      "fields": {
        "name": "Technician"
      }
    },
    {
      "model": "auth.group",
      "pk": 2,
      "fields": {
        "name": "Service Manager"
      }
    }
  ],
  "users": [
    {
      "model": "auth.user",
      "pk": 1,
      "fields": {
        "username": "john_smith",
        "first_name": "John",
        "last_name": "Smith",
        "email": "john.smith@autoservice.com",
        "password": "pbkdf2_sha256$600000$XYZ123$abcdefghijklmnopqrstuvwxyz1234567890=",
        "is_staff": false,
        "is_active": true,
        "is_superuser": false,
        "groups": [1]
      }
    },
    {
      "model": "auth.user",
      "pk": 2,
      "fields": {
        "username": "mike_johnson",
        "first_name": "Mike",
        "last_name": "Johnson",
        "email": "mike.johnson@autoservice.com",
        "password": "pbkdf2_sha256$600000$XYZ123$abcdefghijklmnopqrstuvwxyz1234567890=",
        "is_staff": false,
        "is_active": true,
        "is_superuser": false,
        "groups": [1]
      }
    },
    {
      "model": "auth.user",
      "pk": 3,
      "fields": {
        "username": "sarah_williams",
        "first_name": "Sarah",
        "last_name": "Williams",
        "email": "sarah.williams@autoservice.com",
        "password": "pbkdf2_sha256$600000$XYZ123$abcdefghijklmnopqrstuvwxyz1234567890=",
        "is_staff": false,
        "is_active": true,
        "is_superuser": false,
        "groups": [1]
      }
    },
    {
      "model": "auth.user",
      "pk": 4,
      "fields": {
        "username": "david_brown",
        "first_name": "David",
        "last_name": "Brown",
        "email": "david.brown@autoservice.com",
        "password": "pbkdf2_sha256$600000$XYZ123$abcdefghijklmnopqrstuvwxyz1234567890=",
        "is_staff": false,
        "is_active": true,
        "is_superuser": false,
        "groups": [1]
      }
    },
    {
      "model": "auth.user",
      "pk": 5,
      "fields": {
        "username": "lisa_martinez",
        "first_name": "Lisa",
        "last_name": "Martinez",
        "email": "lisa.martinez@autoservice.com",
        "password": "pbkdf2_sha256$600000$XYZ123$abcdefghijklmnopqrstuvwxyz1234567890=",
        "is_staff": false,
        "is_active": true,
        "is_superuser": false,
        "groups": [1]
      }
    },
    {
      "model": "auth.user",
      "pk": 6,
      "fields": {
        "username": "robert_davis",
        "first_name": "Robert",
        "last_name": "Davis",
        "email": "robert.davis@autoservice.com",
        "password": "pbkdf2_sha256$600000$XYZ123$abcdefghijklmnopqrstuvwxyz1234567890=",
        "is_staff": true,
        "is_active": true,
        "is_superuser": false,
        "groups": [2]
      }
    },
    {
      "model": "auth.user",
      "pk": 7,
      "fields": {
        "username": "jennifer_wilson",
        "first_name": "Jennifer",
        "last_name": "Wilson",
        "email": "jennifer.wilson@autoservice.com",
        "password": "pbkdf2_sha256$600000$XYZ123$abcdefghijklmnopqrstuvwxyz1234567890=",
        "is_staff": true,
        "is_active": true,
        "is_superuser": false,
        "groups": [2]
      }
    },
    {
      "model": "auth.user",
      "pk": 8,
      "fields": {
        "username": "michael_lee",
        "first_name": "Michael",
        "last_name": "Lee",
        "email": "michael.lee@autoservice.com",
        "password": "pbkdf2_sha256$600000$XYZ123$abcdefghijklmnopqrstuvwxyz1234567890=",
        "is_staff": true,
        "is_active": true,
        "is_superuser": false,
        "groups": [2]
      }
    }
  ],
  "technician_profiles": [
    {
      "model": "workorders.technicianprofile",
      "pk": 1,
      "fields": {
        "user": 1,
        "employee_id": "TECH001",
        "phone": "555-0101",
        "specialization": "Engine & Transmission"
      }
    },
    {
      "model": "workorders.technicianprofile",
      "pk": 2,
      "fields": {
        "user": 2,
        "employee_id": "TECH002",
        "phone": "555-0102",
        "specialization": "Brakes & Suspension"
      }
    },
    {
      "model": "workorders.technicianprofile",
      "pk": 3,
      "fields": {
        "user": 3,
        "employee_id": "TECH003",
        "phone": "555-0103",
        "specialization": "Electrical Systems"
      }
    },
    {
      "model": "workorders.technicianprofile",
      "pk": 4,
      "fields": {
        "user": 4,
        "employee_id": "TECH004",
        "phone": "555-0104",
        "specialization": "HVAC & Climate Control"
      }
    },
    {
      "model": "workorders.technicianprofile",
      "pk": 5,
      "fields": {
        "user": 5,
        "employee_id": "TECH005",
        "phone": "555-0105",
        "specialization": "Diagnostics & General Repair"
      }
    }
  ],
  "service_manager_profiles": [
    {
      "model": "workorders.servicemanagerprofile",
      "pk": 1,
      "fields": {
        "user": 6,
        "employee_id": "MGR001",
        "phone": "555-0201",
        "department": "Service Operations"
      }
    },
    {
      "model": "workorders.servicemanagerprofile",
      "pk": 2,
      "fields": {
        "user": 7,
        "employee_id": "MGR002",
        "phone": "555-0202",
        "department": "Customer Service"
      }
    },
    {
      "model": "workorders.servicemanagerprofile",
      "pk": 3,
      "fields": {
        "user": 8,
        "employee_id": "MGR003",
        "phone": "555-0203",
        "department": "Quality Assurance"
      }
    }
  ],
  "customers": [
    {
      "model": "workorders.customer",
      "pk": 1,
      "fields": {
        "first_name": "James",
        "last_name": "Anderson",
        "email": "james.anderson@email.com",
        "phone": "555-1001",
        "address": "123 Oak Street, Springfield, IL 62701"
      }
    },
    {
      "model": "workorders.customer",
      "pk": 2,
      "fields": {
        "first_name": "Emily",
        "last_name": "Thompson",
        "email": "emily.thompson@email.com",
        "phone": "555-1002",
        "address": "456 Maple Avenue, Springfield, IL 62702"
      }
    },
    {
      "model": "workorders.customer",
      "pk": 3,
      "fields": {
        "first_name": "Robert",
        "last_name": "Garcia",
        "email": "robert.garcia@email.com",
        "phone": "555-1003",
        "address": "789 Pine Road, Springfield, IL 62703"
      }
    },
    {
      "model": "workorders.customer",
      "pk": 4,
      "fields": {
        "first_name": "Maria",
        "last_name": "Rodriguez",
        "email": "maria.rodriguez@email.com",
        "phone": "555-1004",
        "address": "321 Elm Drive, Springfield, IL 62704"
      }
    },
    {
      "model": "workorders.customer",
      "pk": 5,
      "fields": {
        "first_name": "William",
        "last_name": "Taylor",
        "email": "william.taylor@email.com",
        "phone": "555-1005",
        "address": "654 Cedar Lane, Springfield, IL 62705"
      }
    },
    {
      "model": "workorders.customer",
      "pk": 6,
      "fields": {
        "first_name": "Jessica",
        "last_name": "Martinez",
        "email": "jessica.martinez@email.com",
        "phone": "555-1006",
        "address": "987 Birch Court, Springfield, IL 62706"
      }
    },
    {
      "model": "workorders.customer",
      "pk": 7,
      "fields": {
        "first_name": "Christopher",
        "last_name": "White",
        "email": "christopher.white@email.com",
        "phone": "555-1007",
        "address": "147 Walnut Street, Springfield, IL 62707"
      }
    },
    {
      "model": "workorders.customer",
      "pk": 8,
      "fields": {
        "first_name": "Amanda",
        "last_name": "Harris",
        "email": "amanda.harris@email.com",
        "phone": "555-1008",
        "address": "258 Spruce Avenue, Springfield, IL 62708"
      }
    }
  ],
  "vehicles": [
    {
      "model": "workorders.vehicle",
      "pk": 1,
      "fields": {
        "customer": 1,
        "make": "Toyota",
        "model": "Camry",
        "year": 2020,
        "vin": "1HGBH41JXMN109186",
        "license_plate": "ABC1234",
        "mileage": 45000
      }
    },
    {
      "model": "workorders.vehicle",
      "pk": 2,
      "fields": {
        "customer": 2,
        "make": "Honda",
        "model": "Accord",
        "year": 2019,
        "vin": "2HGBH41JXMN109187",
        "license_plate": "XYZ5678",
        "mileage": 52000
      }
    },
    {
      "model": "workorders.vehicle",
      "pk": 3,
      "fields": {
        "customer": 3,
        "make": "Ford",
        "model": "F-150",
        "year": 2021,
        "vin": "3HGBH41JXMN109188",
        "license_plate": "DEF9012",
        "mileage": 38000
      }
    },
    {
      "model": "workorders.vehicle",
      "pk": 4,
      "fields": {
        "customer": 4,
        "make": "Chevrolet",
        "model": "Silverado",
        "year": 2018,
        "vin": "4HGBH41JXMN109189",
        "license_plate": "GHI3456",
        "mileage": 68000
      }
    },
    {
      "model": "workorders.vehicle",
      "pk": 5,
      "fields": {
        "customer": 5,
        "make": "Tesla",
        "model": "Model 3",
        "year": 2022,
        "vin": "5HGBH41JXMN109190",
        "license_plate": "JKL7890",
        "mileage": 15000
      }
    },
    {
      "model": "workorders.vehicle",
      "pk": 6,
      "fields": {
        "customer": 6,
        "make": "BMW",
        "model": "X5",
        "year": 2020,
        "vin": "6HGBH41JXMN109191",
        "license_plate": "MNO1234",
        "mileage": 42000
      }
    },
    {
      "model": "workorders.vehicle",
      "pk": 7,
      "fields": {
        "customer": 7,
        "make": "Mercedes-Benz",
        "model": "C-Class",
        "year": 2019,
        "vin": "7HGBH41JXMN109192",
        "license_plate": "PQR5678",
        "mileage": 55000
      }
    },
    {
      "model": "workorders.vehicle",
      "pk": 8,
      "fields": {
        "customer": 8,
        "make": "Nissan",
        "model": "Altima",
        "year": 2021,
        "vin": "8HGBH41JXMN109193",
        "license_plate": "STU9012",
        "mileage": 28000
      }
    },
    {
      "model": "workorders.vehicle",
      "pk": 9,
      "fields": {
        "customer": 1,
        "make": "Toyota",
        "model": "RAV4",
        "year": 2018,
        "vin": "9HGBH41JXMN109194",
        "license_plate": "VWX3456",
        "mileage": 72000
      }
    },
    {
      "model": "workorders.vehicle",
      "pk": 10,
      "fields": {
        "customer": 3,
        "make": "Jeep",
        "model": "Wrangler",
        "year": 2020,
        "vin": "0HGBH41JXMN109195",
        "license_plate": "YZA7890",
        "mileage": 48000
      }
    }
  ],
  "work_orders": [
    {
      "model": "workorders.workorder",
      "pk": 1,
      "fields": {
        "order_number": "WO-20241001",
        "customer": 1,
        "vehicle": 1,
        "service_manager": 6,
        "technician": 1,
        "title": "Oil Change and Filter Replacement",
        "description": "Routine oil change with synthetic oil and new oil filter. Check all fluid levels and tire pressure.",
        "status": "COMPLETED",
        "priority": "LOW",
        "estimated_hours": "1.00",
        "actual_hours": "0.75",
        "assigned_at": "2024-10-01T08:00:00Z",
        "started_at": "2024-10-01T09:00:00Z",
        "completed_at": "2024-10-01T09:45:00Z"
      }
    },
    {
      "model": "workorders.workorder",
      "pk": 2,
      "fields": {
        "order_number": "WO-20241002",
        "customer": 2,
        "vehicle": 2,
        "service_manager": 7,
        "technician": 2,
        "title": "Brake Pad Replacement - Front",
        "description": "Replace front brake pads and resurface rotors. Customer reported squeaking noise when braking.",
        "status": "COMPLETED",
        "priority": "MEDIUM",
        "estimated_hours": "2.50",
        "actual_hours": "2.25",
        "assigned_at": "2024-10-02T08:30:00Z",
        "started_at": "2024-10-02T10:00:00Z",
        "completed_at": "2024-10-02T12:15:00Z"
      }
    },
    {
      "model": "workorders.workorder",
      "pk": 3,
      "fields": {
        "order_number": "WO-20241003",
        "customer": 3,
        "vehicle": 3,
        "service_manager": 6,
        "technician": 1,
        "title": "Engine Diagnostic - Check Engine Light",
        "description": "Customer reports check engine light is on. Perform full diagnostic scan and identify issue. Code P0420 - Catalyst System Efficiency Below Threshold.",
        "status": "IN_PROGRESS",
        "priority": "HIGH",
        "estimated_hours": "3.00",
        "actual_hours": null,
        "assigned_at": "2024-10-03T07:45:00Z",
        "started_at": "2024-10-03T08:30:00Z",
        "completed_at": null
      }
    },
    {
      "model": "workorders.workorder",
      "pk": 4,
      "fields": {
        "order_number": "WO-20241004",
        "customer": 4,
        "vehicle": 4,
        "service_manager": 8,
        "technician": 3,
        "title": "Battery Replacement and Electrical System Check",
        "description": "Replace weak battery. Test alternator output and check for parasitic drain. Customer experienced slow cranking.",
        "status": "COMPLETED",
        "priority": "MEDIUM",
        "estimated_hours": "1.50",
        "actual_hours": "1.75",
        "assigned_at": "2024-10-04T09:00:00Z",
        "started_at": "2024-10-04T10:30:00Z",
        "completed_at": "2024-10-04T12:15:00Z"
      }
    },
    {
      "model": "workorders.workorder",
      "pk": 5,
      "fields": {
        "order_number": "WO-20241005",
        "customer": 5,
        "vehicle": 5,
        "service_manager": 7,
        "technician": 3,
        "title": "Tesla Software Update and Diagnostics",
        "description": "Perform software update for Tesla Model 3. Run full diagnostic check on battery and electric motor systems. Customer reported range anxiety.",
        "status": "ASSIGNED",
        "priority": "LOW",
        "estimated_hours": "2.00",
        "actual_hours": null,
        "assigned_at": "2024-10-05T11:00:00Z",
        "started_at": null,
        "completed_at": null
      }
    },
    {
      "model": "workorders.workorder",
      "pk": 6,
      "fields": {
        "order_number": "WO-20241006",
        "customer": 6,
        "vehicle": 6,
        "title": "30K Mile Service - BMW X5",
        "description": "Complete 30,000 mile maintenance service including oil change, air filter replacement, cabin filter, tire rotation, brake inspection, and multi-point inspection.",
        "service_manager": 6,
        "technician": 5,
        "status": "IN_PROGRESS",
        "priority": "MEDIUM",
        "estimated_hours": "3.50",
        "actual_hours": null,
        "assigned_at": "2024-10-06T08:00:00Z",
        "started_at": "2024-10-06T09:00:00Z",
        "completed_at": null
      }
    },
    {
      "model": "workorders.workorder",
      "pk": 7,
      "fields": {
        "order_number": "WO-20241007",
        "customer": 7,
        "vehicle": 7,
        "service_manager": 8,
        "technician": 4,
        "title": "AC System Repair - Not Cooling",
        "description": "AC system not blowing cold air. Check refrigerant levels, compressor operation, and identify leaks. Perform evacuation and recharge if needed.",
        "status": "ASSIGNED",
        "priority": "URGENT",
        "estimated_hours": "4.00",
        "actual_hours": null,
        "assigned_at": "2024-10-07T07:30:00Z",
        "started_at": null,
        "completed_at": null
      }
    },
    {
      "model": "workorders.workorder",
      "pk": 8,
      "fields": {
        "order_number": "WO-20241008",
        "customer": 8,
        "vehicle": 8,
        "service_manager": 7,
        "technician": 2,
        "title": "Suspension Repair - Front Struts",
        "description": "Replace front struts and strut mounts. Customer reports clunking noise over bumps and uneven tire wear.",
        "status": "PENDING",
        "priority": "HIGH",
        "estimated_hours": "4.50",
        "actual_hours": null,
        "assigned_at": null,
        "started_at": null,
        "completed_at": null
      }
    },
    {
      "model": "workorders.workorder",
      "pk": 9,
      "fields": {
        "order_number": "WO-20241009",
        "customer": 1,
        "vehicle": 9,
        "service_manager": 6,
        "technician": 1,
        "title": "Transmission Fluid Service",
        "description": "Drain and replace transmission fluid. Inspect transmission for leaks. Customer at 72K miles, due for service.",
        "status": "COMPLETED",
        "priority": "MEDIUM",
        "estimated_hours": "2.00",
        "actual_hours": "1.80",
        "assigned_at": "2024-10-09T08:15:00Z",
        "started_at": "2024-10-09T09:30:00Z",
        "completed_at": "2024-10-09T11:18:00Z"
      }
    },
    {
      "model": "workorders.workorder",
      "pk": 10,
      "fields": {
        "order_number": "WO-20241010",
        "customer": 3,
        "vehicle": 10,
        "service_manager": 8,
        "technician": 5,
        "title": "Pre-Purchase Inspection",
        "description": "Comprehensive pre-purchase inspection for potential buyer. Check all systems, fluids, brakes, tires, engine, transmission, and undercarriage.",
        "status": "ASSIGNED",
        "priority": "LOW",
        "estimated_hours": "2.50",
        "actual_hours": null,
        "assigned_at": "2024-10-10T10:00:00Z",
        "started_at": null,
        "completed_at": null
      }
    }
  ],
  "work_order_steps": [
    {
      "model": "workorders.workorderstep",
      "pk": 1,
      "fields": {
        "work_order": 1,
        "step_number": 1,
        "title": "Lift vehicle and drain old oil",
        "description": "Use hydraulic lift to raise vehicle safely. Place drain pan and remove drain plug. Allow oil to drain completely.",
        "estimated_time": "0.25",
        "is_completed": true,
        "completed_at": "2024-10-01T09:15:00Z"
      }
    },
    {
      "model": "workorders.workorderstep",
      "pk": 2,
      "fields": {
        "work_order": 1,
        "step_number": 2,
        "title": "Replace oil filter",
        "description": "Remove old oil filter and install new filter. Apply oil to gasket before installation.",
        "estimated_time": "0.15",
        "is_completed": true,
        "completed_at": "2024-10-01T09:25:00Z"
      }
    },
    {
      "model": "workorders.workorderstep",
      "pk": 3,
      "fields": {
        "work_order": 1,
        "step_number": 3,
        "title": "Add new synthetic oil",
        "description": "Reinstall drain plug with new washer. Add 5 quarts of synthetic 5W-30 oil. Check level with dipstick.",
        "estimated_time": "0.25",
        "is_completed": true,
        "completed_at": "2024-10-01T09:35:00Z"
      }
    },
    {
      "model": "workorders.workorderstep",
      "pk": 4,
      "fields": {
        "work_order": 1,
        "step_number": 4,
        "title": "Inspection and documentation",
        "description": "Check all fluid levels, inspect tire pressure, and document service in vehicle history.",
        "estimated_time": "0.35",
        "is_completed": true,
        "completed_at": "2024-10-01T09:45:00Z"
      }
    },
    {
      "model": "workorders.workorderstep",
      "pk": 5,
      "fields": {
        "work_order": 2,
        "step_number": 1,
        "title": "Remove front wheels and inspect brakes",
        "description": "Lift vehicle, remove both front wheels. Inspect brake pads, rotors, and calipers for wear and damage.",
        "estimated_time": "0.50",
        "is_completed": true,
        "completed_at": "2024-10-02T10:30:00Z"
      }
    },
    {
      "model": "workorders.workorderstep",
      "pk": 6,
      "fields": {
        "work_order": 2,
        "step_number": 2,
        "title": "Remove old brake pads",
        "description": "Compress brake caliper piston. Remove caliper bolts and old brake pads. Clean caliper hardware.",
        "estimated_time": "0.50",
        "is_completed": true,
        "completed_at": "2024-10-02T11:00:00Z"
      }
    },
    {
      "model": "workorders.workorderstep",
      "pk": 7,
      "fields": {
        "work_order": 2,
        "step_number": 3,
        "title": "Resurface brake rotors",
        "description": "Remove rotors and resurface on brake lathe to ensure smooth, even surface for new pads.",
        "estimated_time": "0.75",
        "is_completed": true,
        "completed_at": "2024-10-02T11:45:00Z"
      }
    },
    {
      "model": "workorders.workorderstep",
      "pk": 8,
      "fields": {
        "work_order": 2,
        "step_number": 4,
        "title": "Install new brake pads and reassemble",
        "description": "Install resurfaced rotors, new brake pads, and reinstall calipers. Torque to spec. Reinstall wheels and test.",
        "estimated_time": "0.75",
        "is_completed": true,
        "completed_at": "2024-10-02T12:15:00Z"
      }
    },
    {
      "model": "workorders.workorderstep",
      "pk": 9,
      "fields": {
        "work_order": 3,
        "step_number": 1,
        "title": "Connect diagnostic scanner",
        "description": "Connect OBD-II scanner and retrieve diagnostic trouble codes (DTCs). Document all codes found.",
        "estimated_time": "0.50",
        "is_completed": true,
        "completed_at": "2024-10-03T09:00:00Z"
      }
    },
    {
      "model": "workorders.workorderstep",
      "pk": 10,
      "fields": {
        "work_order": 3,
        "step_number": 2,
        "title": "Inspect catalytic converter",
        "description": "Perform visual inspection of catalytic converter. Check for physical damage, rust, or blockage.",
        "estimated_time": "0.75",
        "is_completed": true,
        "completed_at": "2024-10-03T09:45:00Z"
      }
    },
    {
      "model": "workorders.workorderstep",
      "pk": 11,
      "fields": {
        "work_order": 3,
        "step_number": 3,
        "title": "Test oxygen sensors",
        "description": "Test upstream and downstream oxygen sensors with multimeter. Check voltage readings and response time.",
        "estimated_time": "1.00",
        "is_completed": false,
        "completed_at": null
      }
    },
    {
      "model": "workorders.workorderstep",
      "pk": 12,
      "fields": {
        "work_order": 3,
        "step_number": 4,
        "title": "Recommend repair and get customer approval",
        "description": "Prepare detailed estimate for catalytic converter replacement. Contact customer for approval before proceeding.",
        "estimated_time": "0.75",
        "is_completed": false,
        "completed_at": null
      }
    },
    {
      "model": "workorders.workorderstep",
      "pk": 13,
      "fields": {
        "work_order": 4,
        "step_number": 1,
        "title": "Test battery and charging system",
        "description": "Perform battery load test and check voltage. Test alternator output under load.",
        "estimated_time": "0.50",
        "is_completed": true,
        "completed_at": "2024-10-04T11:00:00Z"
      }
    },
    {
      "model": "workorders.workorderstep",
      "pk": 14,
      "fields": {
        "work_order": 4,
        "step_number": 2,
        "title": "Remove old battery and clean terminals",
        "description": "Disconnect negative then positive terminal. Remove battery and clean terminal posts and cable ends.",
        "estimated_time": "0.25",
        "is_completed": true,
        "completed_at": "2024-10-04T11:15:00Z"
      }
    },
    {
      "model": "workorders.workorderstep",
      "pk": 15,
      "fields": {
        "work_order": 4,
        "step_number": 3,
        "title": "Install new battery",
        "description": "Install new battery, connect positive then negative terminals. Apply terminal protector spray.",
        "estimated_time": "0.25",
        "is_completed": true,
        "completed_at": "2024-10-04T11:30:00Z"
      }
    },
    {
      "model": "workorders.workorderstep",
      "pk": 16,
      "fields": {
        "work_order": 4,
        "step_number": 4,
        "title": "Check for parasitic drain",
        "description": "Use multimeter to check for excessive current draw with vehicle off. Document findings.",
        "estimated_time": "0.50",
        "is_completed": true,
        "completed_at": "2024-10-04T12:15:00Z"
      }
    },
    {
      "model": "workorders.workorderstep",
      "pk": 17,
      "fields": {
        "work_order": 6,
        "step_number": 1,
        "title": "Oil and filter change",
        "description": "Drain old oil, replace filter, add new synthetic oil per BMW specifications.",
        "estimated_time": "0.75",
        "is_completed": true,
        "completed_at": "2024-10-06T09:45:00Z"
      }
    },
    {
      "model": "workorders.workorderstep",
      "pk": 18,
      "fields": {
        "work_order": 6,
        "step_number": 2,
        "title": "Replace air and cabin filters",
        "description": "Replace engine air filter and cabin air filter with OEM parts.",
        "estimated_time": "0.50",
        "is_completed": true,
        "completed_at": "2024-10-06T10:15:00Z"
      }
    },
    {
      "model": "workorders.workorderstep",
      "pk": 19,
      "fields": {
        "work_order": 6,
        "step_number": 3,
        "title": "Tire rotation and brake inspection",
        "description": "Rotate all four tires per BMW rotation pattern. Inspect brake pads and rotors, measure thickness.",
        "estimated_time": "1.00",
        "is_completed": false,
        "completed_at": null
      }
    },
    {
      "model": "workorders.workorderstep",
      "pk": 20,
      "fields": {
        "work_order": 6,
        "step_number": 4,
        "title": "Multi-point inspection",
        "description": "Complete comprehensive inspection: fluids, belts, hoses, suspension, lights, wipers, battery.",
        "estimated_time": "1.25",
        "is_completed": false,
        "completed_at": null
      }
    },
    {
      "model": "workorders.workorderstep",
      "pk": 21,
      "fields": {
        "work_order": 9,
        "step_number": 1,
        "title": "Drain transmission fluid",
        "description": "Lift vehicle, locate transmission drain plug, drain old fluid into proper container.",
        "estimated_time": "0.50",
        "is_completed": true,
        "completed_at": "2024-10-09T10:00:00Z"
      }
    },
    {
      "model": "workorders.workorderstep",
      "pk": 22,
      "fields": {
        "work_order": 9,
        "step_number": 2,
        "title": "Replace transmission filter",
        "description": "Remove transmission pan, replace filter and gasket. Clean pan thoroughly before reinstalling.",
        "estimated_time": "0.75",
        "is_completed": true,
        "completed_at": "2024-10-09T10:45:00Z"
      }
    },
    {
      "model": "workorders.workorderstep",
      "pk": 23,
      "fields": {
        "work_order": 9,
        "step_number": 3,
        "title": "Refill transmission fluid",
        "description": "Add new ATF fluid per manufacturer specification. Check level with engine running.",
        "estimated_time": "0.50",
        "is_completed": true,
        "completed_at": "2024-10-09T11:10:00Z"
      }
    },
    {
      "model": "workorders.workorderstep",
      "pk": 24,
      "fields": {
        "work_order": 9,
        "step_number": 4,
        "title": "Inspect for leaks and test drive",
        "description": "Inspect all connections for leaks. Perform test drive to ensure proper shifting.",
        "estimated_time": "0.25",
        "is_completed": true,
        "completed_at": "2024-10-09T11:18:00Z"
      }
    }
  ],
  "work_order_feedback": [
    {
      "model": "workorders.workorderfeedback",
      "pk": 1,
      "fields": {
        "work_order": 1,
        "step": 1,
        "technician": 1,
        "feedback_text": "Oil drain completed smoothly. Old oil was dark but no metal particles observed.",
        "time_spent": "0.20",
        "issues_encountered": "",
        "recommendations": "Customer should maintain 5,000 mile oil change intervals with synthetic oil.",
        "created_at": "2024-10-01T09:15:00Z"
      }
    },
    {
      "model": "workorders.workorderfeedback",
      "pk": 2,
      "fields": {
        "work_order": 1,
        "step": 4,
        "technician": 1,
        "feedback_text": "All fluid levels good. Found front left tire 3 PSI low, inflated to 35 PSI. All other tires at proper pressure.",
        "time_spent": "0.25",
        "issues_encountered": "Front left tire slightly under-inflated",
        "recommendations": "Customer should check tire pressure monthly. Tires show even wear pattern.",
        "created_at": "2024-10-01T09:45:00Z"
      }
    },
    {
      "model": "workorders.workorderfeedback",
      "pk": 3,
      "fields": {
        "work_order": 2,
        "step": 5,
        "technician": 2,
        "feedback_text": "Front brake pads at 20% remaining. Rotors show moderate scoring and heat spots.",
        "time_spent": "0.45",
        "issues_encountered": "",
        "recommendations": "Rotors require resurfacing. Rear brakes at 60%, should be checked again at next service.",
        "created_at": "2024-10-02T10:30:00Z"
      }
    },
    {
      "model": "workorders.workorderfeedback",
      "pk": 4,
      "fields": {
        "work_order": 2,
        "step": 7,
        "technician": 2,
        "feedback_text": "Both front rotors resurfaced successfully. Within manufacturer minimum thickness specifications.",
        "time_spent": "0.65",
        "issues_encountered": "Right rotor had slightly more wear than left",
        "recommendations": "Resurfaced rotors should provide smooth braking. Monitor for any vibration.",
        "created_at": "2024-10-02T11:45:00Z"
      }
    },
    {
      "model": "workorders.workorderfeedback",
      "pk": 5,
      "fields": {
        "work_order": 3,
        "step": 9,
        "technician": 1,
        "feedback_text": "Retrieved code P0420 - Catalyst System Efficiency Below Threshold (Bank 1). No other codes present.",
        "time_spent": "0.40",
        "issues_encountered": "",
        "recommendations": "Need to verify if catalytic converter failure or sensor issue. Proceeding with O2 sensor testing.",
        "created_at": "2024-10-03T09:00:00Z"
      }
    },
    {
      "model": "workorders.workorderfeedback",
      "pk": 6,
      "fields": {
        "work_order": 3,
        "step": 10,
        "technician": 1,
        "feedback_text": "Visual inspection shows catalytic converter has minor surface rust but no obvious damage or rattling.",
        "time_spent": "0.65",
        "issues_encountered": "",
        "recommendations": "External condition looks acceptable. Need to test O2 sensors to determine root cause.",
        "created_at": "2024-10-03T09:45:00Z"
      }
    },
    {
      "model": "workorders.workorderfeedback",
      "pk": 7,
      "fields": {
        "work_order": 4,
        "step": 13,
        "technician": 3,
        "feedback_text": "Battery tested at 9.8V under load - failed. Alternator output 14.2V - normal.",
        "time_spent": "0.45",
        "issues_encountered": "",
        "recommendations": "Battery replacement required. Alternator functioning properly.",
        "created_at": "2024-10-04T11:00:00Z"
      }
    },
    {
      "model": "workorders.workorderfeedback",
      "pk": 8,
      "fields": {
        "work_order": 4,
        "step": 16,
        "technician": 3,
        "feedback_text": "Parasitic draw test shows 0.03A with all systems off - within normal range (0.05A maximum).",
        "time_spent": "0.60",
        "issues_encountered": "",
        "recommendations": "No excessive parasitic drain detected. Battery failure was due to age (5+ years old).",
        "created_at": "2024-10-04T12:15:00Z"
      }
    },
    {
      "model": "workorders.workorderfeedback",
      "pk": 9,
      "fields": {
        "work_order": 6,
        "step": 17,
        "technician": 5,
        "feedback_text": "Oil change completed using BMW recommended synthetic 5W-30. Used Mann filter.",
        "time_spent": "0.70",
        "issues_encountered": "",
        "recommendations": "Next oil service due at 45,000 miles or 12 months.",
        "created_at": "2024-10-06T09:45:00Z"
      }
    },
    {
      "model": "workorders.workorderfeedback",
      "pk": 10,
      "fields": {
        "work_order": 6,
        "step": 18,
        "technician": 5,
        "feedback_text": "Both filters replaced. Old cabin filter was very dirty with debris and leaves.",
        "time_spent": "0.45",
        "issues_encountered": "Cabin filter housing had some leaf debris that was cleaned out",
        "recommendations": "Customer should check cabin filter more frequently, possibly annually.",
        "created_at": "2024-10-06T10:15:00Z"
      }
    },
    {
      "model": "workorders.workorderfeedback",
      "pk": 11,
      "fields": {
        "work_order": 9,
        "step": 21,
        "technician": 1,
        "feedback_text": "Drained approximately 4 quarts of old ATF. Fluid was dark brown but no metal particles or burning smell.",
        "time_spent": "0.45",
        "issues_encountered": "",
        "recommendations": "Fluid condition acceptable for mileage. Service interval appropriate.",
        "created_at": "2024-10-09T10:00:00Z"
      }
    },
    {
      "model": "workorders.workorderfeedback",
      "pk": 12,
      "fields": {
        "work_order": 9,
        "step": 22,
        "technician": 1,
        "feedback_text": "Transmission pan had small amount of normal sediment. Filter replaced, new gasket installed.",
        "time_spent": "0.70",
        "issues_encountered": "",
        "recommendations": "Pan magnet showed minimal metal particles - normal wear.",
        "created_at": "2024-10-09T10:45:00Z"
      }
    }
  ],
  "work_order_summaries": [
    {
      "model": "workorders.workordersummary",
      "pk": 1,
      "fields": {
        "work_order": 1,
        "summary_text": "Completed routine oil change service on 2020 Toyota Camry with 45,000 miles. Drained old conventional oil and replaced with 5 quarts of synthetic 5W-30 oil as recommended by manufacturer. Installed new oil filter with proper gasket lubrication. Performed comprehensive fluid level check including brake fluid, coolant, power steering fluid, and windshield washer fluid - all levels were within acceptable range. Tire pressure inspection revealed front left tire was 3 PSI below specification at 32 PSI. Inflated tire to proper 35 PSI specification. All other tires were at correct pressure. Visual inspection of tires showed even wear pattern indicating proper alignment and rotation schedule. No leaks or issues detected during undercarriage inspection. Vehicle ready for customer pickup with service reminder sticker placed showing next service due at 50,000 miles or in 5,000 miles. Total service completed in 45 minutes, 15 minutes under estimated time.",
        "total_time_spent": "0.75",
        "total_steps_completed": 4,
        "major_issues_resolved": "Corrected under-inflated front left tire",
        "recommendations_for_customer": "Continue using synthetic oil with 5,000 mile service intervals. Monitor tire pressure monthly, especially with seasonal temperature changes. Next service recommended at 50,000 miles to include tire rotation.",
        "created_at": "2024-10-01T09:50:00Z"
      }
    },
    {
      "model": "workorders.workordersummary",
      "pk": 2,
      "fields": {
        "work_order": 2,
        "summary_text": "Completed front brake pad replacement and rotor resurfacing on 2019 Honda Accord. Customer complaint of squeaking noise during braking was confirmed during initial inspection. Removed front wheels and found brake pads worn to approximately 20% remaining thickness with visible wear indicators making contact with rotors. Both front rotors showed moderate scoring and heat spotting from extended use with worn pads. Right rotor exhibited slightly more wear than left rotor. Rotors were removed and resurfaced on brake lathe, bringing surface back to smooth, even finish. Measured post-resurfacing thickness confirmed both rotors remain within manufacturer minimum thickness specifications and safe for continued use. Installed new ceramic brake pads on both front wheels with proper hardware and anti-squeal compound applied. Compressed caliper pistons, reinstalled calipers, and torqued all bolts to factory specifications. Reinstalled wheels and performed brake bedding procedure with multiple moderate stops to properly seat new pads. Test drive confirmed elimination of squeaking noise and smooth, even braking performance. Rear brakes inspected and found at 60% remaining - no service required at this time.",
        "total_time_spent": "2.25",
        "total_steps_completed": 4,
        "major_issues_resolved": "Replaced worn brake pads causing squeaking noise. Resurfaced scored rotors to restore smooth braking surface.",
        "recommendations_for_customer": "Avoid hard braking for first 200 miles to allow proper pad break-in. Schedule rear brake inspection in 6 months or 10,000 miles. Consider brake fluid flush at next major service as fluid is 3 years old.",
        "created_at": "2024-10-02T12:20:00Z"
      }
    },
    {
      "model": "workorders.workordersummary",
      "pk": 3,
      "fields": {
        "work_order": 4,
        "summary_text": "Completed battery replacement and electrical system diagnostic on 2018 Chevrolet Silverado with 68,000 miles. Customer reported slow cranking and difficulty starting, especially in cold weather. Initial testing with battery analyzer confirmed battery failure - load test showed voltage dropping to 9.8V under 200A load, well below passing threshold of 10.5V. Battery was original equipment, over 5 years old, and had reached end of service life. Alternator testing showed healthy output of 14.2V at idle and 14.5V under electrical load - within normal operating range. Removed failed battery, cleaned battery terminals and cable ends which showed minor corrosion. Cleaned battery tray and inspected battery cables for damage - all cables in good condition with no visible wear or cracking. Installed new Group 65 battery rated at 850 CCA, appropriate for vehicle requirements. Connected positive terminal first, then negative. Applied corrosion preventative spray to terminals. Performed parasitic draw test to rule out excessive current drain as contributing factor to battery issues. Test showed 0.03A draw with all systems off, well within acceptable 0.05A specification. Started vehicle multiple times to confirm proper cranking speed and successful starts. Charging system verified working correctly.",
        "total_time_spent": "1.75",
        "total_steps_completed": 4,
        "major_issues_resolved": "Replaced failed battery that was causing slow cranking and starting issues. Confirmed no parasitic drain or alternator problems present.",
        "recommendations_for_customer": "New battery should provide reliable service for 4-5 years with proper maintenance. Have charging system and battery tested annually. Clean battery terminals if any corrosion appears. Consider battery replacement after 4 years as preventative measure to avoid being stranded.",
        "created_at": "2024-10-04T12:20:00Z"
      }
    },
    {
      "model": "workorders.workordersummary",
      "pk": 4,
      "fields": {
        "work_order": 9,
        "summary_text": "Completed transmission fluid service on 2018 Toyota RAV4 with 72,000 miles. Service was due based on manufacturer recommended maintenance interval of 60,000-75,000 miles for vehicles under normal driving conditions. Lifted vehicle and located transmission drain plug. Drained approximately 4 quarts of old automatic transmission fluid into approved waste container. Fluid color was dark brown, consistent with fluid that has been in service for extended period, but showed no signs of burning smell or metal particles which would indicate internal transmission damage. Removed transmission pan carefully to access filter. Pan magnet showed minimal amount of fine metal particles consistent with normal wear - no chunks or excessive debris present. Removed old transmission filter and gasket. Cleaned transmission pan thoroughly, inspected for cracks or damage, and reinstalled with new filter and gasket. Torqued pan bolts to specification in proper cross-pattern to ensure even seal. Refilled transmission with manufacturer-specified ATF fluid. Started engine and cycled through all gear positions while monitoring for leaks. Checked final fluid level with engine at operating temperature and running. Conducted test drive through various driving conditions to verify smooth shifting through all gears - no slipping, harsh shifts, or unusual noises detected.",
        "total_time_spent": "1.80",
        "total_steps_completed": 4,
        "major_issues_resolved": "Replaced old transmission fluid and filter as preventative maintenance. Confirmed transmission is operating normally with no internal issues.",
        "recommendations_for_customer": "Continue transmission service every 30,000 miles to maintain longevity. Monitor for any shifting issues and address immediately. Transmission appears healthy with proper maintenance. Keep service records for resale value.",
        "created_at": "2024-10-09T11:25:00Z"
      }
    }
  ]
}
