{
  "Servers": {
    "1": {
      "Name": "Local PostgreSQL",
      "Group": "Servers",
      "Host": "postgres",
      "Port": 5432,
      "MaintenanceDB": "postgres",
      "Username": "postgres",
      "PassFile": "/pgpass",
      "SSLMode": "prefer",
      "SSLCert": "<STORAGE_DIR>/.postgresql/postgresql.crt",
      "SSLKey": "<STORAGE_DIR>/.postgresql/postgresql.key",
      "SSLCompression": 0,
      "Timeout": 10,
      "UseSSHTunnel": 0,
      "TunnelPort": "22",
      "TunnelAuthentication": 0
    }
  }
}