{
  "hash": "680d55fd",
  "configHash": "6c7eb997",
  "lockfileHash": "b5ab2760",
  "browserHash": "d596fdb4",
  "optimized": {
    "@angular/common": {
      "src": "../../../../../../node_modules/@angular/common/fesm2022/common.mjs",
      "file": "@angular_common.js",
      "fileHash": "2dd66e64",
      "needsInterop": false
    },
    "@angular/common/http": {
      "src": "../../../../../../node_modules/@angular/common/fesm2022/http.mjs",
      "file": "@angular_common_http.js",
      "fileHash": "606c6c6a",
      "needsInterop": false
    },
    "@angular/core": {
      "src": "../../../../../../node_modules/@angular/core/fesm2022/core.mjs",
      "file": "@angular_core.js",
      "fileHash": "934ec2f8",
      "needsInterop": false
    },
    "@angular/platform-browser": {
      "src": "../../../../../../node_modules/@angular/platform-browser/fesm2022/platform-browser.mjs",
      "file": "@angular_platform-browser.js",
      "fileHash": "253b3c51",
      "needsInterop": false
    },
    "@angular/platform-browser/animations": {
      "src": "../../../../../../node_modules/@angular/platform-browser/fesm2022/animations.mjs",
      "file": "@angular_platform-browser_animations.js",
      "fileHash": "217f5ac6",
      "needsInterop": false
    },
    "@angular/router": {
      "src": "../../../../../../node_modules/@angular/router/fesm2022/router.mjs",
      "file": "@angular_router.js",
      "fileHash": "fdef51bf",
      "needsInterop": false
    },
    "@angular/service-worker": {
      "src": "../../../../../../node_modules/@angular/service-worker/fesm2022/service-worker.mjs",
      "file": "@angular_service-worker.js",
      "fileHash": "f2efe240",
      "needsInterop": false
    },
    "hammerjs": {
      "src": "../../../../../../node_modules/hammerjs/hammer.js",
      "file": "hammerjs.js",
      "fileHash": "9626fa3c",
      "needsInterop": true
    },
    "plotly.js-dist-min": {
      "src": "../../../../../../node_modules/plotly.js-dist-min/plotly.min.js",
      "file": "plotly__js-dist-min.js",
      "fileHash": "11d1fa59",
      "needsInterop": true
    },
    "primeng/api": {
      "src": "../../../../../../node_modules/primeng/fesm2022/primeng-api.mjs",
      "file": "primeng_api.js",
      "fileHash": "150f50ca",
      "needsInterop": false
    },
    "primeng/button": {
      "src": "../../../../../../node_modules/primeng/fesm2022/primeng-button.mjs",
      "file": "primeng_button.js",
      "fileHash": "b5239450",
      "needsInterop": false
    },
    "primeng/card": {
      "src": "../../../../../../node_modules/primeng/fesm2022/primeng-card.mjs",
      "file": "primeng_card.js",
      "fileHash": "2862d4fd",
      "needsInterop": false
    },
    "primeng/checkbox": {
      "src": "../../../../../../node_modules/primeng/fesm2022/primeng-checkbox.mjs",
      "file": "primeng_checkbox.js",
      "fileHash": "0e2781ff",
      "needsInterop": false
    },
    "primeng/chips": {
      "src": "../../../../../../node_modules/primeng/fesm2022/primeng-chips.mjs",
      "file": "primeng_chips.js",
      "fileHash": "e7d95343",
      "needsInterop": false
    },
    "primeng/divider": {
      "src": "../../../../../../node_modules/primeng/fesm2022/primeng-divider.mjs",
      "file": "primeng_divider.js",
      "fileHash": "b8fc8642",
      "needsInterop": false
    },
    "primeng/inputtext": {
      "src": "../../../../../../node_modules/primeng/fesm2022/primeng-inputtext.mjs",
      "file": "primeng_inputtext.js",
      "fileHash": "61dc5fb1",
      "needsInterop": false
    },
    "primeng/menubar": {
      "src": "../../../../../../node_modules/primeng/fesm2022/primeng-menubar.mjs",
      "file": "primeng_menubar.js",
      "fileHash": "36ba8836",
      "needsInterop": false
    },
    "primeng/message": {
      "src": "../../../../../../node_modules/primeng/fesm2022/primeng-message.mjs",
      "file": "primeng_message.js",
      "fileHash": "c23e8f54",
      "needsInterop": false
    },
    "primeng/panelmenu": {
      "src": "../../../../../../node_modules/primeng/fesm2022/primeng-panelmenu.mjs",
      "file": "primeng_panelmenu.js",
      "fileHash": "e6b01083",
      "needsInterop": false
    },
    "primeng/password": {
      "src": "../../../../../../node_modules/primeng/fesm2022/primeng-password.mjs",
      "file": "primeng_password.js",
      "fileHash": "5a0cacbd",
      "needsInterop": false
    },
    "primeng/ripple": {
      "src": "../../../../../../node_modules/primeng/fesm2022/primeng-ripple.mjs",
      "file": "primeng_ripple.js",
      "fileHash": "c45e43bb",
      "needsInterop": false
    },
    "primeng/sidebar": {
      "src": "../../../../../../node_modules/primeng/fesm2022/primeng-sidebar.mjs",
      "file": "primeng_sidebar.js",
      "fileHash": "9698d62c",
      "needsInterop": false
    },
    "primeng/toast": {
      "src": "../../../../../../node_modules/primeng/fesm2022/primeng-toast.mjs",
      "file": "primeng_toast.js",
      "fileHash": "30384298",
      "needsInterop": false
    },
    "tslib": {
      "src": "../../../../../../node_modules/tslib/tslib.es6.mjs",
      "file": "tslib.js",
      "fileHash": "62b4cc1f",
      "needsInterop": false
    },
    "primeng/dropdown": {
      "src": "../../../../../../node_modules/primeng/fesm2022/primeng-dropdown.mjs",
      "file": "primeng_dropdown.js",
      "fileHash": "2ccb6771",
      "needsInterop": false
    },
    "@angular/forms": {
      "src": "../../../../../../node_modules/@angular/forms/fesm2022/forms.mjs",
      "file": "@angular_forms.js",
      "fileHash": "c16a9128",
      "needsInterop": false
    },
    "primeng/tooltip": {
      "src": "../../../../../../node_modules/primeng/fesm2022/primeng-tooltip.mjs",
      "file": "primeng_tooltip.js",
      "fileHash": "667d9707",
      "needsInterop": false
    },
    "primeng/chip": {
      "src": "../../../../../../node_modules/primeng/fesm2022/primeng-chip.mjs",
      "file": "primeng_chip.js",
      "fileHash": "0cb864cb",
      "needsInterop": false
    }
  },
  "chunks": {
    "chunk-WZ7HWSRL": {
      "file": "chunk-WZ7HWSRL.js"
    },
    "chunk-JRFKF732": {
      "file": "chunk-JRFKF732.js"
    },
    "chunk-TLYNU6W5": {
      "file": "chunk-TLYNU6W5.js"
    },
    "chunk-XA3A2QST": {
      "file": "chunk-XA3A2QST.js"
    },
    "chunk-QBR4KMOE": {
      "file": "chunk-QBR4KMOE.js"
    },
    "chunk-2GVTLSNR": {
      "file": "chunk-2GVTLSNR.js"
    },
    "chunk-G6S56WTX": {
      "file": "chunk-G6S56WTX.js"
    },
    "chunk-4YKYQURU": {
      "file": "chunk-4YKYQURU.js"
    },
    "chunk-G5GOPBJM": {
      "file": "chunk-G5GOPBJM.js"
    },
    "chunk-27NZBDXU": {
      "file": "chunk-27NZBDXU.js"
    },
    "chunk-6XKESJ4T": {
      "file": "chunk-6XKESJ4T.js"
    },
    "chunk-J6LOXFID": {
      "file": "chunk-J6LOXFID.js"
    },
    "chunk-6PXE43MZ": {
      "file": "chunk-6PXE43MZ.js"
    },
    "chunk-BUGEQH7Q": {
      "file": "chunk-BUGEQH7Q.js"
    },
    "chunk-TPMXL2ZG": {
      "file": "chunk-TPMXL2ZG.js"
    },
    "chunk-2SMXVMT7": {
      "file": "chunk-2SMXVMT7.js"
    },
    "chunk-2Q4EFRBL": {
      "file": "chunk-2Q4EFRBL.js"
    },
    "chunk-3OF44R55": {
      "file": "chunk-3OF44R55.js"
    },
    "chunk-34KOXDLB": {
      "file": "chunk-34KOXDLB.js"
    },
    "chunk-2OBBG64O": {
      "file": "chunk-2OBBG64O.js"
    },
    "chunk-JIQKDRPZ": {
      "file": "chunk-JIQKDRPZ.js"
    },
    "chunk-5UHPBBN3": {
      "file": "chunk-5UHPBBN3.js"
    },
    "chunk-HM5YLMWO": {
      "file": "chunk-HM5YLMWO.js"
    },
    "chunk-3OV72XIM": {
      "file": "chunk-3OV72XIM.js"
    }
  }
}