{
  "hash": "2917ae9f",
  "configHash": "73cac992",
  "lockfileHash": "646281d6",
  "browserHash": "632137a0",
  "optimized": {
    "@angular/common": {
      "src": "../../../../../../node_modules/@angular/common/fesm2022/common.mjs",
      "file": "@angular_common.js",
      "fileHash": "6aa247eb",
      "needsInterop": false
    },
    "@angular/common/http": {
      "src": "../../../../../../node_modules/@angular/common/fesm2022/http.mjs",
      "file": "@angular_common_http.js",
      "fileHash": "8add9501",
      "needsInterop": false
    },
    "@angular/core": {
      "src": "../../../../../../node_modules/@angular/core/fesm2022/core.mjs",
      "file": "@angular_core.js",
      "fileHash": "0fcdeb0e",
      "needsInterop": false
    },
    "@angular/forms": {
      "src": "../../../../../../node_modules/@angular/forms/fesm2022/forms.mjs",
      "file": "@angular_forms.js",
      "fileHash": "37d321e2",
      "needsInterop": false
    },
    "@angular/platform-browser": {
      "src": "../../../../../../node_modules/@angular/platform-browser/fesm2022/platform-browser.mjs",
      "file": "@angular_platform-browser.js",
      "fileHash": "6c0b945d",
      "needsInterop": false
    },
    "@angular/platform-browser/animations": {
      "src": "../../../../../../node_modules/@angular/platform-browser/fesm2022/animations.mjs",
      "file": "@angular_platform-browser_animations.js",
      "fileHash": "8ba86de1",
      "needsInterop": false
    },
    "@angular/router": {
      "src": "../../../../../../node_modules/@angular/router/fesm2022/router.mjs",
      "file": "@angular_router.js",
      "fileHash": "79400e7b",
      "needsInterop": false
    },
    "@angular/service-worker": {
      "src": "../../../../../../node_modules/@angular/service-worker/fesm2022/service-worker.mjs",
      "file": "@angular_service-worker.js",
      "fileHash": "bef761a0",
      "needsInterop": false
    },
    "hammerjs": {
      "src": "../../../../../../node_modules/hammerjs/hammer.js",
      "file": "hammerjs.js",
      "fileHash": "0d6d0d97",
      "needsInterop": true
    },
    "primeng/api": {
      "src": "../../../../../../node_modules/primeng/fesm2022/primeng-api.mjs",
      "file": "primeng_api.js",
      "fileHash": "b91e5990",
      "needsInterop": false
    },
    "primeng/avatar": {
      "src": "../../../../../../node_modules/primeng/fesm2022/primeng-avatar.mjs",
      "file": "primeng_avatar.js",
      "fileHash": "0dbaa429",
      "needsInterop": false
    },
    "primeng/button": {
      "src": "../../../../../../node_modules/primeng/fesm2022/primeng-button.mjs",
      "file": "primeng_button.js",
      "fileHash": "05f937ce",
      "needsInterop": false
    },
    "primeng/calendar": {
      "src": "../../../../../../node_modules/primeng/fesm2022/primeng-calendar.mjs",
      "file": "primeng_calendar.js",
      "fileHash": "4f0556b4",
      "needsInterop": false
    },
    "primeng/card": {
      "src": "../../../../../../node_modules/primeng/fesm2022/primeng-card.mjs",
      "file": "primeng_card.js",
      "fileHash": "8b72991d",
      "needsInterop": false
    },
    "primeng/checkbox": {
      "src": "../../../../../../node_modules/primeng/fesm2022/primeng-checkbox.mjs",
      "file": "primeng_checkbox.js",
      "fileHash": "2752f247",
      "needsInterop": false
    },
    "primeng/chip": {
      "src": "../../../../../../node_modules/primeng/fesm2022/primeng-chip.mjs",
      "file": "primeng_chip.js",
      "fileHash": "dd6090ed",
      "needsInterop": false
    },
    "primeng/chips": {
      "src": "../../../../../../node_modules/primeng/fesm2022/primeng-chips.mjs",
      "file": "primeng_chips.js",
      "fileHash": "cd473b8f",
      "needsInterop": false
    },
    "primeng/divider": {
      "src": "../../../../../../node_modules/primeng/fesm2022/primeng-divider.mjs",
      "file": "primeng_divider.js",
      "fileHash": "38c0e3d9",
      "needsInterop": false
    },
    "primeng/dropdown": {
      "src": "../../../../../../node_modules/primeng/fesm2022/primeng-dropdown.mjs",
      "file": "primeng_dropdown.js",
      "fileHash": "e23d2efa",
      "needsInterop": false
    },
    "primeng/fileupload": {
      "src": "../../../../../../node_modules/primeng/fesm2022/primeng-fileupload.mjs",
      "file": "primeng_fileupload.js",
      "fileHash": "410f8fdd",
      "needsInterop": false
    },
    "primeng/inputtext": {
      "src": "../../../../../../node_modules/primeng/fesm2022/primeng-inputtext.mjs",
      "file": "primeng_inputtext.js",
      "fileHash": "9ef23317",
      "needsInterop": false
    },
    "primeng/inputtextarea": {
      "src": "../../../../../../node_modules/primeng/fesm2022/primeng-inputtextarea.mjs",
      "file": "primeng_inputtextarea.js",
      "fileHash": "ee429866",
      "needsInterop": false
    },
    "primeng/menu": {
      "src": "../../../../../../node_modules/primeng/fesm2022/primeng-menu.mjs",
      "file": "primeng_menu.js",
      "fileHash": "2db50057",
      "needsInterop": false
    },
    "primeng/menubar": {
      "src": "../../../../../../node_modules/primeng/fesm2022/primeng-menubar.mjs",
      "file": "primeng_menubar.js",
      "fileHash": "c3cdb624",
      "needsInterop": false
    },
    "primeng/message": {
      "src": "../../../../../../node_modules/primeng/fesm2022/primeng-message.mjs",
      "file": "primeng_message.js",
      "fileHash": "d18ae0c0",
      "needsInterop": false
    },
    "primeng/messages": {
      "src": "../../../../../../node_modules/primeng/fesm2022/primeng-messages.mjs",
      "file": "primeng_messages.js",
      "fileHash": "025e848c",
      "needsInterop": false
    },
    "primeng/panelmenu": {
      "src": "../../../../../../node_modules/primeng/fesm2022/primeng-panelmenu.mjs",
      "file": "primeng_panelmenu.js",
      "fileHash": "e4393104",
      "needsInterop": false
    },
    "primeng/password": {
      "src": "../../../../../../node_modules/primeng/fesm2022/primeng-password.mjs",
      "file": "primeng_password.js",
      "fileHash": "e9dc6201",
      "needsInterop": false
    },
    "primeng/progressspinner": {
      "src": "../../../../../../node_modules/primeng/fesm2022/primeng-progressspinner.mjs",
      "file": "primeng_progressspinner.js",
      "fileHash": "0a94fda5",
      "needsInterop": false
    },
    "primeng/ripple": {
      "src": "../../../../../../node_modules/primeng/fesm2022/primeng-ripple.mjs",
      "file": "primeng_ripple.js",
      "fileHash": "c798bfc3",
      "needsInterop": false
    },
    "primeng/sidebar": {
      "src": "../../../../../../node_modules/primeng/fesm2022/primeng-sidebar.mjs",
      "file": "primeng_sidebar.js",
      "fileHash": "c31fb50c",
      "needsInterop": false
    },
    "primeng/table": {
      "src": "../../../../../../node_modules/primeng/fesm2022/primeng-table.mjs",
      "file": "primeng_table.js",
      "fileHash": "670b3d56",
      "needsInterop": false
    },
    "primeng/tabview": {
      "src": "../../../../../../node_modules/primeng/fesm2022/primeng-tabview.mjs",
      "file": "primeng_tabview.js",
      "fileHash": "3e500260",
      "needsInterop": false
    },
    "primeng/tag": {
      "src": "../../../../../../node_modules/primeng/fesm2022/primeng-tag.mjs",
      "file": "primeng_tag.js",
      "fileHash": "0abc2fb0",
      "needsInterop": false
    },
    "primeng/toast": {
      "src": "../../../../../../node_modules/primeng/fesm2022/primeng-toast.mjs",
      "file": "primeng_toast.js",
      "fileHash": "fa3a2b23",
      "needsInterop": false
    },
    "primeng/tooltip": {
      "src": "../../../../../../node_modules/primeng/fesm2022/primeng-tooltip.mjs",
      "file": "primeng_tooltip.js",
      "fileHash": "3af2500c",
      "needsInterop": false
    },
    "rxjs": {
      "src": "../../../../../../node_modules/rxjs/dist/esm5/index.js",
      "file": "rxjs.js",
      "fileHash": "ebbc2f77",
      "needsInterop": false
    },
    "rxjs/operators": {
      "src": "../../../../../../node_modules/rxjs/dist/esm5/operators/index.js",
      "file": "rxjs_operators.js",
      "fileHash": "bf18ad60",
      "needsInterop": false
    },
    "tslib": {
      "src": "../../../../../../node_modules/tslib/tslib.es6.mjs",
      "file": "tslib.js",
      "fileHash": "b5f11925",
      "needsInterop": false
    },
    "zone.js/plugins/zone-error": {
      "src": "../../../../../../node_modules/zone.js/fesm2015/zone-error.js",
      "file": "zone__js_plugins_zone-error.js",
      "fileHash": "7b0290f6",
      "needsInterop": true
    },
    "primeng/badge": {
      "src": "../../../../../../node_modules/primeng/fesm2022/primeng-badge.mjs",
      "file": "primeng_badge.js",
      "fileHash": "39cee216",
      "needsInterop": false
    },
    "primeng/paginator": {
      "src": "../../../../../../node_modules/primeng/fesm2022/primeng-paginator.mjs",
      "file": "primeng_paginator.js",
      "fileHash": "265262e7",
      "needsInterop": false
    }
  },
  "chunks": {
    "chunk-DNNANJOB": {
      "file": "chunk-DNNANJOB.js"
    },
    "chunk-6P4VJP7Y": {
      "file": "chunk-6P4VJP7Y.js"
    },
    "chunk-2XT472H2": {
      "file": "chunk-2XT472H2.js"
    },
    "chunk-B56MJCZZ": {
      "file": "chunk-B56MJCZZ.js"
    },
    "chunk-IIKOFS7Q": {
      "file": "chunk-IIKOFS7Q.js"
    },
    "chunk-UVZVCKF2": {
      "file": "chunk-UVZVCKF2.js"
    },
    "chunk-R3OK6BS2": {
      "file": "chunk-R3OK6BS2.js"
    },
    "chunk-GWRBUG2D": {
      "file": "chunk-GWRBUG2D.js"
    },
    "chunk-H6GC53PV": {
      "file": "chunk-H6GC53PV.js"
    },
    "chunk-J6F2VXUH": {
      "file": "chunk-J6F2VXUH.js"
    },
    "chunk-TAXB3PPS": {
      "file": "chunk-TAXB3PPS.js"
    },
    "chunk-NDLUEX73": {
      "file": "chunk-NDLUEX73.js"
    },
    "chunk-YC7VJPGP": {
      "file": "chunk-YC7VJPGP.js"
    },
    "chunk-YDY3RWJH": {
      "file": "chunk-YDY3RWJH.js"
    },
    "chunk-UG2HF7V3": {
      "file": "chunk-UG2HF7V3.js"
    },
    "chunk-5RX6UB6R": {
      "file": "chunk-5RX6UB6R.js"
    },
    "chunk-VO6BACRA": {
      "file": "chunk-VO6BACRA.js"
    },
    "chunk-CD274NI2": {
      "file": "chunk-CD274NI2.js"
    },
    "chunk-4XPV5KIZ": {
      "file": "chunk-4XPV5KIZ.js"
    },
    "chunk-JGRU35LY": {
      "file": "chunk-JGRU35LY.js"
    },
    "chunk-BUGEQH7Q": {
      "file": "chunk-BUGEQH7Q.js"
    },
    "chunk-QK66BDO5": {
      "file": "chunk-QK66BDO5.js"
    },
    "chunk-L5KPHALF": {
      "file": "chunk-L5KPHALF.js"
    },
    "chunk-3OF44R55": {
      "file": "chunk-3OF44R55.js"
    },
    "chunk-5KBFVXBM": {
      "file": "chunk-5KBFVXBM.js"
    },
    "chunk-QXTNZ7G7": {
      "file": "chunk-QXTNZ7G7.js"
    },
    "chunk-7GAFZKVJ": {
      "file": "chunk-7GAFZKVJ.js"
    },
    "chunk-A5A5QA5W": {
      "file": "chunk-A5A5QA5W.js"
    },
    "chunk-OR2P5YVE": {
      "file": "chunk-OR2P5YVE.js"
    },
    "chunk-OCWABLU3": {
      "file": "chunk-OCWABLU3.js"
    },
    "chunk-5KXDAEEK": {
      "file": "chunk-5KXDAEEK.js"
    },
    "chunk-VMI3K6GE": {
      "file": "chunk-VMI3K6GE.js"
    },
    "chunk-WD6C567C": {
      "file": "chunk-WD6C567C.js"
    },
    "chunk-HM5YLMWO": {
      "file": "chunk-HM5YLMWO.js"
    },
    "chunk-3OV72XIM": {
      "file": "chunk-3OV72XIM.js"
    }
  }
}